{
  "tailwind.config.js": 1782501214.5845752,
  "eslint.config.js": 1782501214.5739372,
  "vite.config.ts": 1782501214.5849135,
  "postcss.config.js": 1782501214.5823808,
  "app/App.tsx": 1782501214.570776,
  "app/tailwind.config.ts": 1782501214.5737386,
  "app/nativewind-env.d.ts": 1782501214.5724385,
  "app/metro.config.js": 1782501214.5723705,
  "app/babel.config.js": 1782501214.5717318,
  "app/index.ts": 1782501214.5722983,
  "app/screens/AuthScreen.tsx": 1782501214.573564,
  "app/components/SocialButton.tsx": 1782501214.5721464,
  "app/components/FormField.tsx": 1782501214.5720658,
  "app/components/AuthToggle.tsx": 1782501214.571988,
  "app/components/AuthForm.tsx": 1782501214.5719028,
  "next-ver/postcss.config.mjs": 1782501214.575049,
  "next-ver/tailwind.config.ts": 1782501214.5816982,
  "next-ver/eslint.config.mjs": 1782501214.574334,
  "next-ver/next.config.ts": 1782501214.5744016,
  "next-ver/public/sw.js": 1782501214.5756915,
  "next-ver/src/middleware.ts": 1782501214.5815766,
  "next-ver/src/app/layout.tsx": 1782501214.578193,
  "next-ver/src/app/page.tsx": 1782501214.5782619,
  "next-ver/src/app/(app)/dashboard/page.tsx": 1782501214.576262,
  "next-ver/src/app/api/auth/signup/route.ts": 1782501214.5771377,
  "next-ver/src/app/api/auth/logout/route.ts": 1782501214.576901,
  "next-ver/src/app/api/auth/me/route.ts": 1782501214.5770257,
  "next-ver/src/app/api/auth/login/route.ts": 1782501214.5767808,
  "next-ver/src/app/api/expenses/route.ts": 1782501214.5777886,
  "next-ver/src/app/api/dashboard/route.ts": 1782501214.5776181,
  "next-ver/src/app/api/balances/route.ts": 1782501214.577266,
  "next-ver/src/app/api/credits/route.ts": 1782501214.577503,
  "next-ver/src/app/api/investments/route.ts": 1782501214.5779028,
  "next-ver/src/app/(auth)/signup/page.tsx": 1782501214.5765626,
  "next-ver/src/app/(auth)/login/page.tsx": 1782501214.5764296,
  "next-ver/src/features/auth/AuthContext.tsx": 1782501214.5785236,
  "next-ver/src/features/auth/components/AuthForm.tsx": 1782501214.5787425,
  "next-ver/src/features/shared/hooks/useLockBodyScroll.ts": 1782501214.5808423,
  "next-ver/src/features/dashboard/Dashboard.tsx": 1782501214.579016,
  "next-ver/src/features/dashboard/types/types.ts": 1782501214.580307,
  "next-ver/src/features/dashboard/utils/dates.ts": 1782501214.580433,
  "next-ver/src/features/dashboard/utils/format.ts": 1782501214.5805109,
  "next-ver/src/features/dashboard/components/BalancePanel.tsx": 1782501214.5791438,
  "next-ver/src/features/dashboard/components/StartingBalanceModal.tsx": 1782501214.5797174,
  "next-ver/src/features/dashboard/components/TransactionSection.tsx": 1782501214.579934,
  "next-ver/src/features/dashboard/components/ExpenseForm.tsx": 1782501214.5794384,
  "next-ver/src/features/dashboard/components/CreditForm.tsx": 1782501214.5792987,
  "next-ver/src/features/dashboard/components/InvestmentForm.tsx": 1782501214.5795696,
  "next-ver/src/features/dashboard/components/TransactionList.tsx": 1782501214.579851,
  "next-ver/src/features/dashboard/components/MonthHeader.tsx": 1782501214.57964,
  "next-ver/src/features/dashboard/hooks/useDashboardData.ts": 1782501214.580066,
  "next-ver/src/features/dashboard/hooks/useDashboardState.ts": 1782501214.5801601,
  "next-ver/src/features/pwa/ServiceWorkerRegister.tsx": 1782501214.5806468,
  "next-ver/src/lib/supabase/server.ts": 1782501214.5815039,
  "next-ver/src/lib/supabase/auth.ts": 1782501214.5813348,
  "next-ver/src/lib/supabase/cookies.ts": 1782501214.5814176,
  "next-ver/src/lib/api/balances.ts": 1782501214.5810163,
  "next-ver/src/lib/api/dashboard.ts": 1782501214.581152,
  "next-ver/src/lib/api/rateLimit.ts": 1782501214.581221,
  "public/sw.js": 1782501214.582683,
  "src/App.tsx": 1782501214.582793,
  "src/main.tsx": 1782501214.584389,
  "src/vite-env.d.ts": 1782501214.5844746,
  "src/contexts/AuthContext.tsx": 1782501214.5839279,
  "src/components/Auth.tsx": 1782501214.5829723,
  "src/components/Dashboard.tsx": 1782501214.583187,
  "src/components/ExpenseForm.tsx": 1782501214.583329,
  "src/components/CreditForm.tsx": 1782501214.5830963,
  "src/components/InvestmentForm.tsx": 1782501214.5835958,
  "src/components/TransactionList.tsx": 1782501214.5837667,
  "src/hooks/useLockBodyScroll.ts": 1782501214.5840774,
  "src/lib/supabase.ts": 1782501214.5843055,
  "index.html": 1782501214.5740504,
  "README.md": 1782501214.5705373,
  "next-ver/README.md": 1782501214.5742617,
  "app/assets/icon.png": 1782501214.5714753,
  "app/assets/favicon.png": 1782501214.5713115,
  "app/assets/adaptive-icon.png": 1782501214.5712004,
  "app/assets/splash-icon.png": 1782501214.5716267,
  "next-ver/public/file.svg": 1782501214.5751724,
  "next-ver/public/icon.svg": 1782501214.5753307,
  "next-ver/public/vercel.svg": 1782501214.5758011,
  "next-ver/public/next.svg": 1782501214.5755563,
  "next-ver/public/globe.svg": 1782501214.5752542,
  "next-ver/public/window.svg": 1782501214.575902,
  "public/icon.svg": 1782501214.5825198
}